"kind","name","signature","status","evidence","exclusion_reason"
"export","aids","","formal-test","tests/testthat/test-model-combinations.R; tests/testthat/test-public-output-methods.R",""
"export","calibrate","","formal-test","tests/testthat/test-model-architecture.R",""
"export","counterfactual","","formal-test","tests/testthat/test-counterfactual.R",""
"export","combine_counterfactuals","","formal-test","tests/testthat/test-counterfactual.R",""
"export","respecify","","formal-test","tests/testthat/test-model-architecture.R",""
"export","antitrust_shiny","","documented-exclusion","ai/package_audit/audit_report.md","Interactive optional UI; exercised by R CMD check examples when available."
"export","auction2nd.cap","","formal-test","tests/testthat/test-model-combinations.R; tests/testthat/test-public-output-methods.R",""
"export","auction2nd.ces","","formal-test","tests/testthat/test-model-combinations.R; tests/testthat/test-public-output-methods.R",""
"export","auction2nd.ces.alm","","formal-test","tests/testthat/test-model-combinations.R; tests/testthat/test-public-output-methods.R",""
"export","auction2nd.logit","","formal-test","tests/testthat/test-model-combinations.R; tests/testthat/test-public-output-methods.R",""
"export","auction2nd.logit.alm","","formal-test","tests/testthat/test-model-combinations.R; tests/testthat/test-public-output-methods.R",""
"export","auction2nd.logit.nests","","formal-test","tests/testthat/test-model-combinations.R; tests/testthat/test-public-output-methods.R",""
"export","bargaining.ces","","formal-test","tests/testthat/test-model-combinations.R; tests/testthat/test-public-output-methods.R",""
"export","bargaining.ces.alm","","formal-test","tests/testthat/test-model-combinations.R; tests/testthat/test-public-output-methods.R",""
"export","bargaining.logit","","formal-test","tests/testthat/test-model-combinations.R; tests/testthat/test-public-output-methods.R",""
"export","bargaining.logit.alm","","formal-test","tests/testthat/test-model-combinations.R; tests/testthat/test-public-output-methods.R",""
"export","bargaining2nd.ces","","formal-test","tests/testthat/test-model-combinations.R; tests/testthat/test-public-output-methods.R",""
"export","bargaining2nd.logit","","formal-test","tests/testthat/test-model-combinations.R; tests/testthat/test-public-output-methods.R",""
"export","bertrand.alm","","formal-test","tests/testthat/test-model-combinations.R; tests/testthat/test-public-output-methods.R",""
"export","calcBuyerExpectedCost","","formal-test","tests/testthat/test-model-combinations.R; tests/testthat/test-public-output-methods.R",""
"export","calcBuyerValuation","","formal-test","tests/testthat/test-model-combinations.R; tests/testthat/test-public-output-methods.R",""
"export","calcDiagnostics","","formal-test","tests/testthat/test-model-combinations.R; tests/testthat/test-public-output-methods.R",""
"export","calcdMC","","formal-test","tests/testthat/test-model-combinations.R; tests/testthat/test-public-output-methods.R",""
"export","calcExpectedLowestCost","","formal-test","tests/testthat/test-model-combinations.R; tests/testthat/test-public-output-methods.R",""
"export","calcExpectedPrice","","formal-test","tests/testthat/test-model-combinations.R; tests/testthat/test-public-output-methods.R",""
"export","calcMargins","","formal-test","tests/testthat/test-model-combinations.R; tests/testthat/test-public-output-methods.R",""
"export","calcMarginsAG","","formal-test","tests/testthat/test-model-combinations.R; tests/testthat/test-public-output-methods.R",""
"export","calcMC","","formal-test","tests/testthat/test-model-combinations.R; tests/testthat/test-public-output-methods.R",""
"export","calcOptimalReserve","","formal-test","tests/testthat/test-model-combinations.R; tests/testthat/test-public-output-methods.R",""
"export","calcPriceDelta","","formal-test","tests/testthat/test-model-combinations.R; tests/testthat/test-public-output-methods.R",""
"export","calcPriceDeltaHypoMon","","formal-test","tests/testthat/test-model-combinations.R; tests/testthat/test-public-output-methods.R",""
"export","calcPrices","","formal-test","tests/testthat/test-model-combinations.R; tests/testthat/test-public-output-methods.R",""
"export","calcPricesAG","","formal-test","tests/testthat/test-model-combinations.R; tests/testthat/test-public-output-methods.R",""
"export","calcPricesHypoMon","","formal-test","tests/testthat/test-model-combinations.R; tests/testthat/test-public-output-methods.R",""
"export","calcProducerSurplus","","formal-test","tests/testthat/test-model-combinations.R; tests/testthat/test-public-output-methods.R",""
"export","calcProducerSurplusGrimTrigger","","formal-test","tests/testthat/test-model-combinations.R; tests/testthat/test-public-output-methods.R",""
"export","calcQuantities","","formal-test","tests/testthat/test-model-combinations.R; tests/testthat/test-public-output-methods.R",""
"export","calcRevenues","","formal-test","tests/testthat/test-model-combinations.R; tests/testthat/test-public-output-methods.R",""
"export","calcSellerCostParms","","formal-test","tests/testthat/test-model-combinations.R; tests/testthat/test-public-output-methods.R",""
"export","calcShares","","formal-test","tests/testthat/test-model-combinations.R; tests/testthat/test-public-output-methods.R",""
"export","calcSlopes","","formal-test","tests/testthat/test-model-combinations.R; tests/testthat/test-public-output-methods.R",""
"export","calcSlack","","formal-test","tests/testthat/test-price-leadership-regressions.R",""
"export","calcSupermarkup","","formal-test","tests/testthat/test-price-leadership-regressions.R",""
"export","calcVC","","formal-test","tests/testthat/test-model-combinations.R; tests/testthat/test-public-output-methods.R",""
"export","cdfG","","formal-test","tests/testthat/test-model-combinations.R; tests/testthat/test-public-output-methods.R",""
"export","ces","","formal-test","tests/testthat/test-model-combinations.R; tests/testthat/test-public-output-methods.R",""
"export","ces.alm","","formal-test","tests/testthat/test-model-combinations.R; tests/testthat/test-public-output-methods.R",""
"export","ces.cournot","","formal-test","tests/testthat/test-model-combinations.R; tests/testthat/test-public-output-methods.R",""
"export","ces.cournot.alm","","formal-test","tests/testthat/test-model-combinations.R; tests/testthat/test-public-output-methods.R",""
"export","ces.nests","","formal-test","tests/testthat/test-model-combinations.R; tests/testthat/test-public-output-methods.R",""
"export","cmcr","","formal-test","tests/testthat/test-model-combinations.R; tests/testthat/test-public-output-methods.R",""
"export","cmcr.bertrand","","formal-test","tests/testthat/test-model-combinations.R; tests/testthat/test-public-output-methods.R",""
"export","cmcr.cournot","","formal-test","tests/testthat/test-model-combinations.R; tests/testthat/test-public-output-methods.R",""
"export","cmcr.cournot2","","formal-test","tests/testthat/test-model-combinations.R; tests/testthat/test-public-output-methods.R",""
"export","cournot","","formal-test","tests/testthat/test-model-combinations.R; tests/testthat/test-public-output-methods.R",""
"export","CV","","formal-test","tests/testthat/test-model-combinations.R; tests/testthat/test-public-output-methods.R",""
"export","diversion","","formal-test","tests/testthat/test-model-combinations.R; tests/testthat/test-public-output-methods.R",""
"export","diversionHypoMon","","formal-test","tests/testthat/test-model-combinations.R; tests/testthat/test-public-output-methods.R",""
"export","elast","","formal-test","tests/testthat/test-model-combinations.R; tests/testthat/test-public-output-methods.R",""
"export","getNestsParms","","formal-test","tests/testthat/test-model-combinations.R; tests/testthat/test-public-output-methods.R",""
"export","getParms","","formal-test","tests/testthat/test-model-combinations.R; tests/testthat/test-public-output-methods.R",""
"export","hhi","","formal-test","tests/testthat/test-model-combinations.R; tests/testthat/test-public-output-methods.R",""
"export","HHI","","formal-test","tests/testthat/test-model-combinations.R; tests/testthat/test-public-output-methods.R",""
"export","HypoMonTest","","formal-test","tests/testthat/test-model-combinations.R; tests/testthat/test-public-output-methods.R",""
"export","linear","","formal-test","tests/testthat/test-model-combinations.R; tests/testthat/test-public-output-methods.R",""
"export","logit","","formal-test","tests/testthat/test-model-combinations.R; tests/testthat/test-public-output-methods.R",""
"export","logit.alm","","formal-test","tests/testthat/test-model-combinations.R; tests/testthat/test-public-output-methods.R",""
"export","logit.cap","","formal-test","tests/testthat/test-model-combinations.R; tests/testthat/test-public-output-methods.R",""
"export","logit.cap.alm","","formal-test","tests/testthat/test-model-combinations.R; tests/testthat/test-public-output-methods.R",""
"export","logit.cournot","","formal-test","tests/testthat/test-model-combinations.R; tests/testthat/test-public-output-methods.R",""
"export","logit.cournot.alm","","formal-test","tests/testthat/test-model-combinations.R; tests/testthat/test-public-output-methods.R",""
"export","logit.nests","","formal-test","tests/testthat/test-model-combinations.R; tests/testthat/test-public-output-methods.R",""
"export","logit.nests.alm","","formal-test","tests/testthat/test-model-combinations.R; tests/testthat/test-public-output-methods.R",""
"export","loglinear","","formal-test","tests/testthat/test-model-combinations.R; tests/testthat/test-public-output-methods.R",""
"export","model_spec","","formal-test","tests/testthat/test-model-registry.R",""
"export","ownerToMatrix","","formal-test","tests/testthat/test-model-combinations.R; tests/testthat/test-public-output-methods.R",""
"export","ownerToVec","","formal-test","tests/testthat/test-model-combinations.R; tests/testthat/test-public-output-methods.R",""
"export","pcaids","","formal-test","tests/testthat/test-model-combinations.R; tests/testthat/test-public-output-methods.R",""
"export","pcaids.nests","","formal-test","tests/testthat/test-model-combinations.R; tests/testthat/test-public-output-methods.R",""
"export","ple","","formal-test","tests/testthat/test-price-leadership-regressions.R",""
"export","ple.blp","","formal-test","tests/testthat/test-price-leadership-regressions.R",""
"export","plot","","documented-exclusion","ai/package_audit/audit_report.md","Graphics device output is environment-dependent; documented examples remain the smoke check."
"export","show","","formal-test","tests/testthat/test-model-combinations.R; tests/testthat/test-public-output-methods.R",""
"export","sim","","formal-test","tests/testthat/test-model-combinations.R; tests/testthat/test-public-output-methods.R",""
"export","simulate","","formal-test","tests/testthat/test-model-architecture.R",""
"export","specify","","formal-test","tests/testthat/test-model-architecture.R",""
"export","stackelberg","","formal-test","tests/testthat/test-model-combinations.R; tests/testthat/test-public-output-methods.R",""
"export","summary","","formal-test","tests/testthat/test-model-combinations.R; tests/testthat/test-public-output-methods.R",""
"export","supportedModels","","formal-test","tests/testthat/test-model-registry.R",""
"export","upp","","formal-test","tests/testthat/test-model-combinations.R; tests/testthat/test-public-output-methods.R",""
"export","upp.bertrand","","formal-test","tests/testthat/test-model-combinations.R; tests/testthat/test-public-output-methods.R",""
"export","upp.cournot","","formal-test","tests/testthat/test-model-combinations.R; tests/testthat/test-public-output-methods.R",""
"export","vertical.barg","","formal-test","tests/testthat/test-model-combinations.R; tests/testthat/test-public-output-methods.R",""
"S4 class","AIDS","","formal-test","tests/testthat/test-model-combinations.R; tests/testthat/test-public-output-methods.R",""
"S4 class","AntitrustFit","","formal-test","tests/testthat/test-model-architecture.R",""
"S4 class","Antitrust","","documented-exclusion","ai/package_audit/audit_report.md","Abstract/container class or specialized plant-level fixture; inherited behavior is covered by child classes."
"S4 class","Auction2ndCap","","formal-test","tests/testthat/test-model-combinations.R; tests/testthat/test-public-output-methods.R",""
"S4 class","Auction2ndCES","","formal-test","tests/testthat/test-model-combinations.R; tests/testthat/test-public-output-methods.R",""
"S4 class","Auction2ndCESALM","","formal-test","tests/testthat/test-model-combinations.R; tests/testthat/test-public-output-methods.R",""
"S4 class","Auction2ndLogit","","formal-test","tests/testthat/test-model-combinations.R; tests/testthat/test-public-output-methods.R",""
"S4 class","Auction2ndLogitALM","","formal-test","tests/testthat/test-model-combinations.R; tests/testthat/test-public-output-methods.R",""
"S4 class","Auction2ndLogitNests","","formal-test","tests/testthat/test-model-combinations.R; tests/testthat/test-public-output-methods.R",""
"S4 class","Bargaining","","documented-exclusion","ai/package_audit/audit_report.md","Abstract/container class or specialized plant-level fixture; inherited behavior is covered by child classes."
"S4 class","Bargaining2ndCES","","formal-test","tests/testthat/test-model-combinations.R; tests/testthat/test-public-output-methods.R",""
"S4 class","Bargaining2ndLogit","","formal-test","tests/testthat/test-model-combinations.R; tests/testthat/test-public-output-methods.R",""
"S4 class","BargainingCES","","formal-test","tests/testthat/test-model-combinations.R; tests/testthat/test-public-output-methods.R",""
"S4 class","BargainingCESALM","","formal-test","tests/testthat/test-model-combinations.R; tests/testthat/test-public-output-methods.R",""
"S4 class","BargainingLogit","","formal-test","tests/testthat/test-model-combinations.R; tests/testthat/test-public-output-methods.R",""
"S4 class","BargainingLogitALM","","formal-test","tests/testthat/test-model-combinations.R; tests/testthat/test-public-output-methods.R",""
"S4 class","Bertrand","","documented-exclusion","ai/package_audit/audit_report.md","Abstract/container class or specialized plant-level fixture; inherited behavior is covered by child classes."
"S4 class","CES","","formal-test","tests/testthat/test-model-combinations.R; tests/testthat/test-public-output-methods.R",""
"S4 class","CESALM","","formal-test","tests/testthat/test-model-combinations.R; tests/testthat/test-public-output-methods.R",""
"S4 class","CESCournot","","formal-test","tests/testthat/test-model-combinations.R; tests/testthat/test-public-output-methods.R",""
"S4 class","CESCournotALM","","formal-test","tests/testthat/test-model-combinations.R; tests/testthat/test-public-output-methods.R",""
"S4 class","CESNests","","formal-test","tests/testthat/test-model-combinations.R; tests/testthat/test-public-output-methods.R",""
"S4 class","characterOrList","","documented-exclusion","ai/package_audit/audit_report.md","Abstract/container class or specialized plant-level fixture; inherited behavior is covered by child classes."
"S4 class","Cournot","","formal-test","tests/testthat/test-model-combinations.R; tests/testthat/test-public-output-methods.R",""
"S4 class","CournotBLP","","formal-test","tests/testthat/test-model-combinations.R; tests/testthat/test-public-output-methods.R",""
"S4 class","Linear","","formal-test","tests/testthat/test-model-combinations.R; tests/testthat/test-public-output-methods.R",""
"S4 class","Logit","","formal-test","tests/testthat/test-model-combinations.R; tests/testthat/test-public-output-methods.R",""
"S4 class","LogitALM","","formal-test","tests/testthat/test-model-combinations.R; tests/testthat/test-public-output-methods.R",""
"S4 class","LogitBLP","","formal-test","tests/testthat/test-model-combinations.R; tests/testthat/test-public-output-methods.R",""
"S4 class","LogitCap","","formal-test","tests/testthat/test-model-combinations.R; tests/testthat/test-public-output-methods.R",""
"S4 class","LogitCapALM","","formal-test","tests/testthat/test-model-combinations.R; tests/testthat/test-public-output-methods.R",""
"S4 class","LogitCournot","","formal-test","tests/testthat/test-model-combinations.R; tests/testthat/test-public-output-methods.R",""
"S4 class","LogitCournotALM","","formal-test","tests/testthat/test-model-combinations.R; tests/testthat/test-public-output-methods.R",""
"S4 class","LogitNests","","formal-test","tests/testthat/test-model-combinations.R; tests/testthat/test-public-output-methods.R",""
"S4 class","LogitNestsALM","","formal-test","tests/testthat/test-model-combinations.R; tests/testthat/test-public-output-methods.R",""
"S4 class","LogLin","","formal-test","tests/testthat/test-model-combinations.R; tests/testthat/test-public-output-methods.R",""
"S4 class","matrixOrList","","documented-exclusion","ai/package_audit/audit_report.md","Abstract/container class or specialized plant-level fixture; inherited behavior is covered by child classes."
"S4 class","matrixOrVector","","documented-exclusion","ai/package_audit/audit_report.md","Abstract/container class or specialized plant-level fixture; inherited behavior is covered by child classes."
"S4 class","PCAIDS","","formal-test","tests/testthat/test-model-combinations.R; tests/testthat/test-public-output-methods.R",""
"S4 class","PCAIDSNests","","formal-test","tests/testthat/test-model-combinations.R; tests/testthat/test-public-output-methods.R",""
"S4 class","PriceLeadership","","formal-test","tests/testthat/test-price-leadership-regressions.R",""
"S4 class","PriceLeadershipBLP","","formal-test","tests/testthat/test-price-leadership-regressions.R",""
"S4 class","Stackelberg","","formal-test","tests/testthat/test-model-combinations.R; tests/testthat/test-public-output-methods.R",""
"S4 class","VertBarg2ndLogit","","formal-test","tests/testthat/test-model-combinations.R; tests/testthat/test-public-output-methods.R",""
"S4 class","VertBarg2ndLogitNests","","formal-test","tests/testthat/test-model-combinations.R; tests/testthat/test-public-output-methods.R",""
"S4 class","VertBargBertLogit","","formal-test","tests/testthat/test-model-combinations.R; tests/testthat/test-public-output-methods.R",""
"S4 class","VertBargBertLogitNests","","formal-test","tests/testthat/test-model-combinations.R; tests/testthat/test-public-output-methods.R",""
"S4 method","calcBuyerExpectedCost","Auction2ndCap","formal-test","tests/testthat/test-public-output-methods.R",""
"S4 method","calcBuyerValuation","Auction2ndCap","formal-test","tests/testthat/test-public-output-methods.R",""
"S4 method","calcDiagnostics","Bertrand","formal-test","tests/testthat/test-public-output-methods.R",""
"S4 method","calcDiagnostics","Cournot","formal-test","tests/testthat/test-public-output-methods.R",""
"S4 method","calcDiagnostics","VertBargBertLogit","formal-test","tests/testthat/test-public-output-methods.R",""
"S4 method","calcdMC","Stackelberg","formal-test","tests/testthat/test-public-output-methods.R",""
"S4 method","calcExpectedLowestCost","Auction2ndCap","formal-test","tests/testthat/test-public-output-methods.R",""
"S4 method","calcExpectedPrice","Auction2ndCap","formal-test","tests/testthat/test-public-output-methods.R",""
"S4 method","calcMargins","AIDS","formal-test","tests/testthat/test-public-output-methods.R",""
"S4 method","calcMargins","Auction2ndCap","formal-test","tests/testthat/test-public-output-methods.R",""
"S4 method","calcMargins","Auction2ndCES","formal-test","tests/testthat/test-public-output-methods.R",""
"S4 method","calcMargins","Auction2ndLogit","formal-test","tests/testthat/test-public-output-methods.R",""
"S4 method","calcMargins","Auction2ndLogitNests","formal-test","tests/testthat/test-public-output-methods.R",""
"S4 method","calcMargins","Bargaining2ndCES","formal-test","tests/testthat/test-public-output-methods.R",""
"S4 method","calcMargins","Bargaining2ndLogit","formal-test","tests/testthat/test-public-output-methods.R",""
"S4 method","calcMargins","BargainingCES","formal-test","tests/testthat/test-public-output-methods.R",""
"S4 method","calcMargins","BargainingLogit","formal-test","tests/testthat/test-public-output-methods.R",""
"S4 method","calcMargins","Bertrand","formal-test","tests/testthat/test-public-output-methods.R",""
"S4 method","calcMargins","CES","formal-test","tests/testthat/test-public-output-methods.R",""
"S4 method","calcMargins","CESCournot","formal-test","tests/testthat/test-public-output-methods.R",""
"S4 method","calcMargins","Cournot","formal-test","tests/testthat/test-public-output-methods.R",""
"S4 method","calcMargins","CournotBLP","formal-test","tests/testthat/test-public-output-methods.R",""
"S4 method","calcMargins","LogitCap","formal-test","tests/testthat/test-public-output-methods.R",""
"S4 method","calcMargins","LogitCournot","formal-test","tests/testthat/test-public-output-methods.R",""
"S4 method","calcMargins","VertBargBertLogit","formal-test","tests/testthat/test-public-output-methods.R",""
"S4 method","calcMargins","VertBargBertLogitNests","formal-test","tests/testthat/test-public-output-methods.R",""
"S4 method","calcMarginsAG","Auction2ndCES","formal-test","tests/testthat/test-public-output-methods.R",""
"S4 method","calcMarginsAG","Auction2ndLogit","formal-test","tests/testthat/test-public-output-methods.R",""
"S4 method","calcMarginsAG","Bargaining2ndCES","formal-test","tests/testthat/test-public-output-methods.R",""
"S4 method","calcMarginsAG","Bargaining2ndLogit","formal-test","tests/testthat/test-public-output-methods.R",""
"S4 method","calcMarginsAG","BargainingCES","formal-test","tests/testthat/test-public-output-methods.R",""
"S4 method","calcMarginsAG","BargainingLogit","formal-test","tests/testthat/test-public-output-methods.R",""
"S4 method","calcMarginsAG","CES","formal-test","tests/testthat/test-public-output-methods.R",""
"S4 method","calcMarginsAG","Cournot","formal-test","tests/testthat/test-public-output-methods.R",""
"S4 method","calcMarginsAG","Logit","formal-test","tests/testthat/test-public-output-methods.R",""
"S4 method","calcMC","Auction2ndCap","formal-test","tests/testthat/test-public-output-methods.R",""
"S4 method","calcMC","Auction2ndCES","formal-test","tests/testthat/test-public-output-methods.R",""
"S4 method","calcMC","Auction2ndLogit","formal-test","tests/testthat/test-public-output-methods.R",""
"S4 method","calcMC","Bertrand","formal-test","tests/testthat/test-public-output-methods.R",""
"S4 method","calcMC","Cournot","formal-test","tests/testthat/test-public-output-methods.R",""
"S4 method","calcMC","VertBargBertLogit","formal-test","tests/testthat/test-public-output-methods.R",""
"S4 method","calcOptimalReserve","Auction2ndCap","formal-test","tests/testthat/test-public-output-methods.R",""
"S4 method","calcPriceDelta","AIDS","formal-test","tests/testthat/test-public-output-methods.R",""
"S4 method","calcPriceDelta","Antitrust","formal-test","tests/testthat/test-public-output-methods.R",""
"S4 method","calcPriceDelta","Auction2ndLogit","formal-test","tests/testthat/test-public-output-methods.R",""
"S4 method","calcPriceDelta","Cournot","formal-test","tests/testthat/test-public-output-methods.R",""
"S4 method","calcPriceDelta","VertBargBertLogit","formal-test","tests/testthat/test-public-output-methods.R",""
"S4 method","calcPriceDeltaHypoMon","AIDS","documented-exclusion","ai/package_audit/audit_report.md","Specialized method is not identified by the synthetic core fixture; retain documented example as the review path."
"S4 method","calcPriceDeltaHypoMon","Bertrand","documented-exclusion","ai/package_audit/audit_report.md","Specialized method is not identified by the synthetic core fixture; retain documented example as the review path."
"S4 method","calcPriceDeltaHypoMon","Cournot","documented-exclusion","ai/package_audit/audit_report.md","Specialized method is not identified by the synthetic core fixture; retain documented example as the review path."
"S4 method","calcPrices","AIDS","formal-test","tests/testthat/test-public-output-methods.R",""
"S4 method","calcPrices","Auction2ndCap","formal-test","tests/testthat/test-public-output-methods.R",""
"S4 method","calcPrices","Auction2ndCES","formal-test","tests/testthat/test-public-output-methods.R",""
"S4 method","calcPrices","Auction2ndLogit","formal-test","tests/testthat/test-public-output-methods.R",""
"S4 method","calcPrices","BargainingLogit","formal-test","tests/testthat/test-public-output-methods.R",""
"S4 method","calcPrices","Cournot","formal-test","tests/testthat/test-public-output-methods.R",""
"S4 method","calcPrices","Linear","formal-test","tests/testthat/test-public-output-methods.R",""
"S4 method","calcPrices","Logit","formal-test","tests/testthat/test-public-output-methods.R",""
"S4 method","calcPrices","LogitBLP","formal-test","tests/testthat/test-public-output-methods.R",""
"S4 method","calcPrices","LogitCap","formal-test","tests/testthat/test-public-output-methods.R",""
"S4 method","calcPrices","LogLin","formal-test","tests/testthat/test-public-output-methods.R",""
"S4 method","calcPrices","VertBarg2ndLogit","formal-test","tests/testthat/test-public-output-methods.R",""
"S4 method","calcPrices","VertBargBertLogit","formal-test","tests/testthat/test-public-output-methods.R",""
"S4 method","calcPricesAG","Auction2ndCES","formal-test","tests/testthat/test-public-output-methods.R",""
"S4 method","calcPricesAG","Auction2ndLogit","formal-test","tests/testthat/test-public-output-methods.R",""
"S4 method","calcPricesAG","Bargaining2ndCES","formal-test","tests/testthat/test-public-output-methods.R",""
"S4 method","calcPricesAG","Bargaining2ndLogit","formal-test","tests/testthat/test-public-output-methods.R",""
"S4 method","calcPricesAG","BargainingCES","formal-test","tests/testthat/test-public-output-methods.R",""
"S4 method","calcPricesAG","BargainingLogit","formal-test","tests/testthat/test-public-output-methods.R",""
"S4 method","calcPricesAG","CES","formal-test","tests/testthat/test-public-output-methods.R",""
"S4 method","calcPricesAG","Cournot","formal-test","tests/testthat/test-public-output-methods.R",""
"S4 method","calcPricesAG","Logit","formal-test","tests/testthat/test-public-output-methods.R",""
"S4 method","calcPricesHypoMon","AIDS","documented-exclusion","ai/package_audit/audit_report.md","Specialized method is not identified by the synthetic core fixture; retain documented example as the review path."
"S4 method","calcPricesHypoMon","Auction2ndLogit","documented-exclusion","ai/package_audit/audit_report.md","Specialized method is not identified by the synthetic core fixture; retain documented example as the review path."
"S4 method","calcPricesHypoMon","Cournot","documented-exclusion","ai/package_audit/audit_report.md","Specialized method is not identified by the synthetic core fixture; retain documented example as the review path."
"S4 method","calcPricesHypoMon","Linear","documented-exclusion","ai/package_audit/audit_report.md","Specialized method is not identified by the synthetic core fixture; retain documented example as the review path."
"S4 method","calcPricesHypoMon","Logit","documented-exclusion","ai/package_audit/audit_report.md","Specialized method is not identified by the synthetic core fixture; retain documented example as the review path."
"S4 method","calcPricesHypoMon","LogitCap","documented-exclusion","ai/package_audit/audit_report.md","Specialized method is not identified by the synthetic core fixture; retain documented example as the review path."
"S4 method","calcPricesHypoMon","LogLin","documented-exclusion","ai/package_audit/audit_report.md","Specialized method is not identified by the synthetic core fixture; retain documented example as the review path."
"S4 method","calcProducerSurplus","Auction2ndCap","formal-test","tests/testthat/test-public-output-methods.R",""
"S4 method","calcProducerSurplus","Bertrand","formal-test","tests/testthat/test-public-output-methods.R",""
"S4 method","calcProducerSurplus","Cournot","formal-test","tests/testthat/test-public-output-methods.R",""
"S4 method","calcProducerSurplus","VertBargBertLogit","formal-test","tests/testthat/test-public-output-methods.R",""
"S4 method","calcProducerSurplusGrimTrigger","Bertrand","documented-exclusion","ai/package_audit/audit_report.md","Specialized method is not identified by the synthetic core fixture; retain documented example as the review path."
"S4 method","calcQuantities","AIDS","formal-test","tests/testthat/test-public-output-methods.R",""
"S4 method","calcQuantities","CES","formal-test","tests/testthat/test-public-output-methods.R",""
"S4 method","calcQuantities","Cournot","formal-test","tests/testthat/test-public-output-methods.R",""
"S4 method","calcQuantities","Linear","formal-test","tests/testthat/test-public-output-methods.R",""
"S4 method","calcQuantities","Logit","formal-test","tests/testthat/test-public-output-methods.R",""
"S4 method","calcQuantities","LogLin","formal-test","tests/testthat/test-public-output-methods.R",""
"S4 method","calcQuantities","Stackelberg","formal-test","tests/testthat/test-public-output-methods.R",""
"S4 method","calcQuantities","VertBargBertLogit","formal-test","tests/testthat/test-public-output-methods.R",""
"S4 method","calcRevenues","Bertrand","formal-test","tests/testthat/test-public-output-methods.R",""
"S4 method","calcRevenues","CES","formal-test","tests/testthat/test-public-output-methods.R",""
"S4 method","calcRevenues","Cournot","formal-test","tests/testthat/test-public-output-methods.R",""
"S4 method","calcRevenues","VertBargBertLogit","formal-test","tests/testthat/test-public-output-methods.R",""
"S4 method","calcSellerCostParms","Auction2ndCap","formal-test","tests/testthat/test-public-output-methods.R",""
"S4 method","calcShares","AIDS","formal-test","tests/testthat/test-public-output-methods.R",""
"S4 method","calcShares","Auction2ndCap","formal-test","tests/testthat/test-public-output-methods.R",""
"S4 method","calcShares","Auction2ndLogit","formal-test","tests/testthat/test-public-output-methods.R",""
"S4 method","calcShares","Auction2ndLogitNests","formal-test","tests/testthat/test-public-output-methods.R",""
"S4 method","calcShares","CES","formal-test","tests/testthat/test-public-output-methods.R",""
"S4 method","calcShares","CESNests","formal-test","tests/testthat/test-public-output-methods.R",""
"S4 method","calcShares","Cournot","formal-test","tests/testthat/test-public-output-methods.R",""
"S4 method","calcShares","Linear","formal-test","tests/testthat/test-public-output-methods.R",""
"S4 method","calcShares","Logit","formal-test","tests/testthat/test-public-output-methods.R",""
"S4 method","calcShares","LogitBLP","formal-test","tests/testthat/test-public-output-methods.R",""
"S4 method","calcShares","LogitNests","formal-test","tests/testthat/test-public-output-methods.R",""
"S4 method","calcShares","VertBarg2ndLogit","formal-test","tests/testthat/test-public-output-methods.R",""
"S4 method","calcShares","VertBargBertLogit","formal-test","tests/testthat/test-public-output-methods.R",""
"S4 method","calcSlopes","AIDS","formal-test","tests/testthat/test-public-output-methods.R",""
"S4 method","calcSlopes","Auction2ndCES","formal-test","tests/testthat/test-public-output-methods.R",""
"S4 method","calcSlopes","Auction2ndCESALM","formal-test","tests/testthat/test-public-output-methods.R",""
"S4 method","calcSlopes","Auction2ndLogit","formal-test","tests/testthat/test-public-output-methods.R",""
"S4 method","calcSlopes","Auction2ndLogitALM","formal-test","tests/testthat/test-public-output-methods.R",""
"S4 method","calcSlopes","Auction2ndLogitNests","formal-test","tests/testthat/test-public-output-methods.R",""
"S4 method","calcSlopes","Bargaining2ndCES","formal-test","tests/testthat/test-public-output-methods.R",""
"S4 method","calcSlopes","Bargaining2ndLogit","formal-test","tests/testthat/test-public-output-methods.R",""
"S4 method","calcSlopes","BargainingCES","formal-test","tests/testthat/test-public-output-methods.R",""
"S4 method","calcSlopes","BargainingCESALM","formal-test","tests/testthat/test-public-output-methods.R",""
"S4 method","calcSlopes","BargainingLogit","formal-test","tests/testthat/test-public-output-methods.R",""
"S4 method","calcSlopes","BargainingLogitALM","formal-test","tests/testthat/test-public-output-methods.R",""
"S4 method","calcSlopes","CES","formal-test","tests/testthat/test-public-output-methods.R",""
"S4 method","calcSlopes","CESALM","formal-test","tests/testthat/test-public-output-methods.R",""
"S4 method","calcSlopes","CESCournot","formal-test","tests/testthat/test-public-output-methods.R",""
"S4 method","calcSlopes","CESCournotALM","formal-test","tests/testthat/test-public-output-methods.R",""
"S4 method","calcSlopes","CESNests","formal-test","tests/testthat/test-public-output-methods.R",""
"S4 method","calcSlopes","Cournot","formal-test","tests/testthat/test-public-output-methods.R",""
"S4 method","calcSlopes","Linear","formal-test","tests/testthat/test-public-output-methods.R",""
"S4 method","calcSlopes","Logit","formal-test","tests/testthat/test-public-output-methods.R",""
"S4 method","calcSlopes","LogitALM","formal-test","tests/testthat/test-public-output-methods.R",""
"S4 method","calcSlopes","LogitBLP","formal-test","tests/testthat/test-public-output-methods.R",""
"S4 method","calcSlopes","LogitCap","formal-test","tests/testthat/test-public-output-methods.R",""
"S4 method","calcSlopes","LogitCapALM","formal-test","tests/testthat/test-public-output-methods.R",""
"S4 method","calcSlopes","LogitCournot","formal-test","tests/testthat/test-public-output-methods.R",""
"S4 method","calcSlopes","LogitCournotALM","formal-test","tests/testthat/test-public-output-methods.R",""
"S4 method","calcSlopes","LogitNests","formal-test","tests/testthat/test-public-output-methods.R",""
"S4 method","calcSlopes","LogitNestsALM","formal-test","tests/testthat/test-public-output-methods.R",""
"S4 method","calcSlopes","LogLin","formal-test","tests/testthat/test-public-output-methods.R",""
"S4 method","calcSlopes","PCAIDS","formal-test","tests/testthat/test-public-output-methods.R",""
"S4 method","calcSlopes","PCAIDSNests","formal-test","tests/testthat/test-public-output-methods.R",""
"S4 method","calcSlopes","Stackelberg","formal-test","tests/testthat/test-public-output-methods.R",""
"S4 method","calcSlopes","VertBargBertLogit","formal-test","tests/testthat/test-public-output-methods.R",""
"S4 method","calcVC","Cournot","formal-test","tests/testthat/test-public-output-methods.R",""
"S4 method","cdfG","Auction2ndCap","formal-test","tests/testthat/test-public-output-methods.R",""
"S4 method","cmcr","AIDS","formal-test","tests/testthat/test-public-output-methods.R",""
"S4 method","cmcr","Auction2ndLogit","formal-test","tests/testthat/test-public-output-methods.R",""
"S4 method","cmcr","Bertrand","formal-test","tests/testthat/test-public-output-methods.R",""
"S4 method","cmcr","Cournot","formal-test","tests/testthat/test-public-output-methods.R",""
"S4 method","CV","AIDS","formal-test","tests/testthat/test-public-output-methods.R",""
"S4 method","CV","Auction2ndLogit","formal-test","tests/testthat/test-public-output-methods.R",""
"S4 method","CV","CES","formal-test","tests/testthat/test-public-output-methods.R",""
"S4 method","CV","CESNests","formal-test","tests/testthat/test-public-output-methods.R",""
"S4 method","CV","Cournot","formal-test","tests/testthat/test-public-output-methods.R",""
"S4 method","CV","Linear","formal-test","tests/testthat/test-public-output-methods.R",""
"S4 method","CV","Logit","formal-test","tests/testthat/test-public-output-methods.R",""
"S4 method","CV","LogitBLP","formal-test","tests/testthat/test-public-output-methods.R",""
"S4 method","CV","LogitNests","formal-test","tests/testthat/test-public-output-methods.R",""
"S4 method","CV","LogLin","formal-test","tests/testthat/test-public-output-methods.R",""
"S4 method","CV","VertBarg2ndLogit","formal-test","tests/testthat/test-public-output-methods.R",""
"S4 method","CV","VertBargBertLogit","formal-test","tests/testthat/test-public-output-methods.R",""
"S4 method","diversion","AIDS","formal-test","tests/testthat/test-public-output-methods.R",""
"S4 method","diversion","Bertrand","formal-test","tests/testthat/test-public-output-methods.R",""
"S4 method","diversion","VertBargBertLogit","formal-test","tests/testthat/test-public-output-methods.R",""
"S4 method","diversionHypoMon","AIDS","documented-exclusion","ai/package_audit/audit_report.md","Specialized method is not identified by the synthetic core fixture; retain documented example as the review path."
"S4 method","diversionHypoMon","Bertrand","documented-exclusion","ai/package_audit/audit_report.md","Specialized method is not identified by the synthetic core fixture; retain documented example as the review path."
"S4 method","elast","AIDS","formal-test","tests/testthat/test-public-output-methods.R",""
"S4 method","elast","CES","formal-test","tests/testthat/test-public-output-methods.R",""
"S4 method","elast","CESNests","formal-test","tests/testthat/test-public-output-methods.R",""
"S4 method","elast","Cournot","formal-test","tests/testthat/test-public-output-methods.R",""
"S4 method","elast","Linear","formal-test","tests/testthat/test-public-output-methods.R",""
"S4 method","elast","Logit","formal-test","tests/testthat/test-public-output-methods.R",""
"S4 method","elast","LogitBLP","formal-test","tests/testthat/test-public-output-methods.R",""
"S4 method","elast","LogitNests","formal-test","tests/testthat/test-public-output-methods.R",""
"S4 method","elast","LogLin","formal-test","tests/testthat/test-public-output-methods.R",""
"S4 method","elast","VertBargBertLogit","formal-test","tests/testthat/test-public-output-methods.R",""
"S4 method","getNestsParms","Auction2ndLogitNests","formal-test","tests/testthat/test-public-output-methods.R",""
"S4 method","getNestsParms","CESNests","formal-test","tests/testthat/test-public-output-methods.R",""
"S4 method","getNestsParms","LogitNests","formal-test","tests/testthat/test-public-output-methods.R",""
"S4 method","getNestsParms","PCAIDSNests","formal-test","tests/testthat/test-public-output-methods.R",""
"S4 method","getNestsParms","VertBarg2ndLogitNests","formal-test","tests/testthat/test-public-output-methods.R",""
"S4 method","getNestsParms","VertBargBertLogitNests","formal-test","tests/testthat/test-public-output-methods.R",""
"S4 method","getParms","Bertrand","formal-test","tests/testthat/test-public-output-methods.R",""
"S4 method","getParms","VertBargBertLogit","formal-test","tests/testthat/test-public-output-methods.R",""
"S4 method","hhi","Bertrand","formal-test","tests/testthat/test-public-output-methods.R",""
"S4 method","hhi","Cournot","formal-test","tests/testthat/test-public-output-methods.R",""
"S4 method","hhi","VertBargBertLogit","formal-test","tests/testthat/test-public-output-methods.R",""
"S4 method","HypoMonTest","Bertrand","documented-exclusion","ai/package_audit/audit_report.md","Specialized method is not identified by the synthetic core fixture; retain documented example as the review path."
"S4 method","HypoMonTest","Cournot","documented-exclusion","ai/package_audit/audit_report.md","Specialized method is not identified by the synthetic core fixture; retain documented example as the review path."
"S4 method","HypoMonTest","VertBargBertLogit","documented-exclusion","ai/package_audit/audit_report.md","Specialized method is not identified by the synthetic core fixture; retain documented example as the review path."
"S4 method","ownerToMatrix","Antitrust","formal-test","tests/testthat/test-public-output-methods.R",""
"S4 method","ownerToMatrix","VertBargBertLogit","formal-test","tests/testthat/test-public-output-methods.R",""
"S4 method","ownerToVec","Antitrust","formal-test","tests/testthat/test-public-output-methods.R",""
"S4 method","plot","ANY","documented-exclusion","ai/package_audit/audit_report.md","Specialized method is not identified by the synthetic core fixture; retain documented example as the review path."
"S4 method","plot","Bertrand","documented-exclusion","ai/package_audit/audit_report.md","Specialized method is not identified by the synthetic core fixture; retain documented example as the review path."
"S4 method","show","Antitrust","formal-test","tests/testthat/test-public-output-methods.R",""
"S4 method","show","VertBargBertLogit","formal-test","tests/testthat/test-public-output-methods.R",""
"S4 method","summary","ANY","formal-test","tests/testthat/test-public-output-methods.R",""
"S4 method","summary","Auction2ndCap","formal-test","tests/testthat/test-public-output-methods.R",""
"S4 method","summary","Auction2ndLogit","formal-test","tests/testthat/test-public-output-methods.R",""
"S4 method","summary","Bertrand","formal-test","tests/testthat/test-public-output-methods.R",""
"S4 method","summary","Cournot","formal-test","tests/testthat/test-public-output-methods.R",""
"S4 method","summary","VertBargBertLogit","formal-test","tests/testthat/test-public-output-methods.R",""
"S4 method","upp","AIDS","formal-test","tests/testthat/test-public-output-methods.R",""
"S4 method","upp","Auction2ndLogit","formal-test","tests/testthat/test-public-output-methods.R",""
"S4 method","upp","Bertrand","formal-test","tests/testthat/test-public-output-methods.R",""
